{
    "training": 1.1998290711322895e-15,
    "validation": 0.1256017802184413,
    "testing": 18.366332354258347
}