{
    "dadi": {
        "training": 0.9064827317277317,
        "validation": 0.6742518509390079,
        "testing": 1.125879296431927
    },
    "moments": {
        "training": 0.7750049954977812,
        "validation": 0.9927456902479957,
        "testing": 27.97340811415773
    },
    "overall": {
        "training": 0.8407438636127564,
        "validation": 0.8334987705935017,
        "testing": 14.549643705294828
    }
}