{
    "training": 0.1176463067837943,
    "validation": 0.1233722700409268,
    "testing": 14.494901812283466
}