{
    "dadi": {
        "training": 1.0106730389405318,
        "validation": 0.836329920333305,
        "testing": 0.9672885851827318
    },
    "moments": {
        "training": 109.35043958425055,
        "validation": 4.065992850867131,
        "testing": 3.5341766766721876
    },
    "overall": {
        "training": 55.180556311595545,
        "validation": 2.451161385600218,
        "testing": 2.25073263092746
    }
}