{
    "training": 0.08993493725685175,
    "validation": 0.17697632090229948,
    "testing": 3.980502331306019
}