{
    "dadi": {
        "training": 1.0295381244318422,
        "validation": 0.732027798276656,
        "testing": 0.9284645896260305
    },
    "moments": {
        "training": 6.611412393130438,
        "validation": 4.723236114126478,
        "testing": 5.268028889988203
    },
    "overall": {
        "training": 3.82047525878114,
        "validation": 2.727631956201567,
        "testing": 3.098246739807117
    }
}